Name,url
Carli Lloyd,/player/226324/carli-lloyd/
Megan Rapinoe,/player/226328/megan-rapinoe/
Marta,/player/226890/marta/
Christine Sinclair,/player/226359/christine-sinclair/
Amandine Henry,/player/227318/amandine-henry/
Ada Stolsmo Hegerberg,/player/227310/ada-stolsmo-hegerberg/
Becky Sauerbrunn,/player/226177/becky-sauerbrunn/
Nilla Fischer,/player/226968/nilla-fischer/
Julie Johnston,/player/226333/julie-johnston/
Tobin Heath,/player/226330/tobin-heath/
Dzsenifer Marozsán,/player/226308/dzsenifer-marozs%C3%A1n/
Alexandra Popp,/player/226302/alexandra-popp/
Alex Morgan,/player/226301/alex-morgan/
Vivianne Miedema,/player/233746/vivianne-miedema/
Sophie Schmidt,/player/227405/sophie-schmidt/
Erin McLeod,/player/227400/erin-mcleod/
Wendie Renard,/player/227316/wendie-renard/
Caroline Seger,/player/226975/caroline-seger/
Rosana,/player/226891/rosana/
Steph Houghton,/player/226358/steph-houghton/
Cristiane,/player/226357/cristiane/
Christie Rampone,/player/226317/christie-rampone/
Eugénie Le Sommer,/player/227331/eug%C3%A9nie-le-sommer/
Gaëtane Thiney,/player/227326/ga%C3%ABtane-thiney/
Camille Abily,/player/227324/camille-abily/
Hedvig Lindahl,/player/226978/hedvig-lindahl/
Kelley O'Hara,/player/226318/kelley-ohara/
Anja Mittag,/player/226312/anja-mittag/
Sherida Spitse,/player/233747/sherida-spitse/
Diana Matheson,/player/227399/diana-matheson/
Élodie Thomis,/player/227325/%C3%A9lodie-thomis/
Fara Williams,/player/227271/fara-williams/
Karen Carney,/player/227247/karen-carney/
Lucy Bronze,/player/227246/lucy-bronze/
Katrina Gorry,/player/227115/katrina-gorry/
Caroline Graham Hansen,/player/227102/caroline-graham-hansen/
Andressa Alves,/player/226887/andressa-alves/
Lotta Schelin,/player/226369/lotta-schelin/
Vero Boquete,/player/226368/vero-boquete/
Ali Krieger,/player/226325/ali-krieger/
Sydney Leroux,/player/226316/sydney-leroux/
Simone Laudehr,/player/226307/simone-laudehr/
Desiree Scott,/player/227410/desiree-scott/
Laura Georges,/player/227315/laura-georges/
Sarah Bouhaddi,/player/227313/sarah-bouhaddi/
Lisa De Vanna,/player/227117/lisa-de-vanna/
Lisa Dahlkvist,/player/226980/lisa-dahlkvist/
Meghan Klingenberg,/player/226329/meghan-klingenberg/
Mandy Islacker,/player/233836/mandy-islacker/
Lieke Martens,/player/233748/lieke-martens/
Karen Bardsley,/player/227241/karen-bardsley/
Elise Kellond-Knight,/player/227112/elise-kellond-knight/
Babett Peter,/player/226969/babett-peter/
Yang Li,/player/226912/yang-li/
Li Dongna,/player/226908/li-dongna/
Lena Goeßling,/player/226374/lena-goe%C3%9Fling/
Almuth Schult,/player/226303/almuth-schult/
Laure Boulleau,/player/227317/laure-boulleau/
Jessica Houara-d'Hommeaux,/player/227314/jessica-houara-dhommeaux/
Maren Mjelde,/player/227282/maren-mjelde/
Jill Scott,/player/227262/jill-scott/
Samantha Kerr,/player/227125/samantha-kerr/
Melania Gabbiadini,/player/227063/melania-gabbiadini/
Wu Haiyan,/player/226922/wu-haiyan/
Ren Guixin,/player/226910/ren-guixin/
Ashlyn Harris,/player/226331/ashlyn-harris/
Whitney Engen,/player/226319/whitney-engen/
Isabel Kerschowski,/player/233834/isabel-kerschowski/
Danielle van de Donk,/player/233751/danielle-van-de-donk/
Bárbara,/player/227423/b%C3%A1rbara/
Ashley Lawrence,/player/227392/ashley-lawrence/
Griedge Mbock Bathy Nka,/player/227346/griedge-mbock-bathy-nka/
Laura Benkarth,/player/227330/laura-benkarth/
Sara Däbritz,/player/227327/sara-d%C3%A4britz/
Leonie Maier,/player/227300/leonie-maier/
Trine Rønning,/player/227284/trine-r%C3%B8nning/
Kristine Minde,/player/227281/kristine-minde/
Stephanie Catley,/player/227119/stephanie-catley/
Fridolina Rolfö,/player/227013/fridolina-rolf%C3%B6/
Linda Sembrant,/player/226991/linda-sembrant/
Kosovare Asllani,/player/226987/kosovare-asllani/
Sofia Jakobsson,/player/226973/sofia-jakobsson/
Tabea Kemme,/player/226971/tabea-kemme/
Zhao Rong,/player/226939/zhao-rong/
Liu Shanshan,/player/226911/liu-shanshan/
Mônica,/player/226889/m%C3%B4nica/
Melanie Leupolz,/player/226354/melanie-leupolz/
Lina Magull,/player/233837/lina-magull/
Érika,/player/227424/%C3%A9rika/
Kadeisha Buchanan,/player/227383/kadeisha-buchanan/
Amel Majri,/player/227350/amel-majri/
Svenja Huth,/player/227337/svenja-huth/
Marie-Laure Delie,/player/227335/marie-laure-delie/
Élise Bussaglia,/player/227332/%C3%A9lise-bussaglia/
Elise Thorsnes,/player/227286/elise-thorsnes/
Alex Scott,/player/227261/alex-scott/
Jordan Nobbs,/player/227257/jordan-nobbs/
Toni Duggan,/player/227252/toni-duggan/
Jenni Hermoso,/player/227192/jenni-hermoso/
Sonia Bermúdez,/player/227189/sonia-berm%C3%BAdez/
Kyah Simon,/player/227116/kyah-simon/
Emily van Egmond,/player/227113/emily-van-egmond/
Emilie Haavi,/player/227101/emilie-haavi/
Raffaella Manieri,/player/227058/raffaella-manieri/
Han Peng,/player/226923/han-peng/
Wang Shanshan,/player/226917/wang-shanshan/
Debinha,/player/226893/debinha/
Bruna Benites,/player/226882/bruna-benites/
Fabiana,/player/226881/fabiana/
Maribel Domínguez,/player/226366/maribel-dom%C3%ADnguez/
Morgan Brian,/player/226320/morgan-brian/
Bianca Schmidt,/player/226313/bianca-schmidt/
Jennifer Cramer,/player/226309/jennifer-cramer/
Josephine Henning,/player/226305/josephine-henning/
Stina Blackstenius,/player/233364/stina-blackstenius/
Lisa Weiß,/player/227735/lisa-wei%C3%9F/
Rafaelle,/player/227421/rafaelle/
Josée Bélanger,/player/227382/jos%C3%A9e-b%C3%A9langer/
Claire Lavogez,/player/227359/claire-lavogez/
Ellen White,/player/227270/ellen-white/
Jodie Taylor,/player/227268/jodie-taylor/
Casey Stoney,/player/227265/casey-stoney/
Jade Moore,/player/227256/jade-moore/
Laura Bassett,/player/227242/laura-bassett/
Marta Torrejón,/player/227191/marta-torrej%C3%B3n/
Michelle Heyman,/player/227124/michelle-heyman/
Clare Polkinghorne,/player/227111/clare-polkinghorne/
Martina Rosucci,/player/227067/martina-rosucci/
Emilia Appelqvist,/player/226996/emilia-appelqvist/
Hanna Folkesson,/player/226986/hanna-folkesson/
Tan Ruyin,/player/226959/tan-ruyin/
Zhang Rui,/player/226913/zhang-rui/
Tamires,/player/226898/tamires/
Andressinha,/player/226888/andressinha/
Mandy van den Berg,/player/226363/mandy-van-den-berg/
Alyssa Naeher,/player/226335/alyssa-naeher/
Amy Rodriguez,/player/226322/amy-rodriguez/
Kristin Demann,/player/233839/kristin-demann/
Renee Slegers,/player/233753/renee-slegers/
Sari van Veenendaal,/player/233749/sari-van-veenendaal/
Mari Paz Vilas,/player/228629/mari-paz-vilas/
Verónica Pérez,/player/227456/ver%C3%B3nica-p%C3%A9rez/
Stephany Mayor,/player/227452/stephany-mayor/
Nayeli Rangel,/player/227451/nayeli-rangel/
Lauren Sesselmann,/player/227411/lauren-sesselmann/
Kaylyn Kyle,/player/227390/kaylyn-kyle/
Kenza Dali,/player/227353/kenza-dali/
Kheira Hamraoui,/player/227347/kheira-hamraoui/
Gry Tofte Ims,/player/227320/gry-tofte-ims/
Lena Lotzen,/player/227301/lena-lotzen/
Lene Mykjåland,/player/227283/lene-mykj%C3%A5land/
Nora Holstad Berge,/player/227279/nora-holstad-berge/
Fran Kirby,/player/227255/fran-kirby/
Vicky Losada,/player/227201/vicky-losada/
Marta Corredera,/player/227193/marta-corredera/
Tameka Butt,/player/227120/tameka-butt/
Lydia Williams,/player/227118/lydia-williams/
Caitlin Foord,/player/227110/caitlin-foord/
Ingrid Moe Wold,/player/227104/ingrid-moe-wold/
Sara Gama,/player/227098/sara-gama/
Elin Rubensson,/player/226988/elin-rubensson/
Zhang Yue,/player/226914/zhang-yue/
Thaisa,/player/226886/thaisa/
Ingrid Hjelmseth,/player/226367/ingrid-hjelmseth/
Loes Geurts,/player/233862/loes-geurts/
Stefanie van der Gragt,/player/233755/stefanie-van-der-gragt/
Tessel Middag,/player/233754/tessel-middag/
Shanice van de Sanden,/player/233752/shanice-van-de-sanden/
Monica Ocampo,/player/227460/monica-ocampo/
Cecilie Fiskerstrand,/player/227368/cecilie-fiskerstrand/
Annaïg Butel,/player/227357/anna%C3%AFg-butel/
Isabell Herlovsen,/player/227311/isabell-herlovsen/
Jo Potter,/player/227258/jo-potter/
Alex Greenwood,/player/227254/alex-greenwood/
Alexia Putellas,/player/227203/alexia-putellas/
Irene Paredes,/player/227190/irene-paredes/
Laura Alleway,/player/227122/laura-alleway/
Alanna Kennedy,/player/227109/alanna-kennedy/
Cristiana Girelli,/player/227073/cristiana-girelli/
Emma Berglund,/player/227011/emma-berglund/
Olivia Schough,/player/226985/olivia-schough/
Gu Yasha,/player/226929/gu-yasha/
Li Ying,/player/226915/li-ying/
Maurine,/player/226884/maurine/
Tayla,/player/226883/tayla/
Kathrin Hendrich,/player/226375/kathrin-hendrich/
Olga García,/player/231658/olga-garc%C3%ADa/
Méline Gérard,/player/228563/m%C3%A9line-g%C3%A9rard/
Alia Guagni,/player/228164/alia-guagni/
Amanda Sampedro,/player/227775/amanda-sampedro/
Alina Garciamendez,/player/227465/alina-garciamendez/
Rilany,/player/227413/rilany/
Allysha Chapman,/player/227384/allysha-chapman/
Synne Jensen,/player/227369/synne-jensen/
Marita Skammelsrud Lund,/player/227280/marita-skammelsrud-lund/
Demi Stokes,/player/227264/demi-stokes/
Silvia Meseguer,/player/227209/silvia-meseguer/
Lola Gallardo,/player/227204/lola-gallardo/
Virginia Torrecilla,/player/227195/virginia-torrecilla/
Marit Sandvei,/player/227105/marit-sandvei/
Laura Giuliani,/player/227087/laura-giuliani/
Valentina Cernoia,/player/227078/valentina-cernoia/
Daniela Stracchi,/player/227062/daniela-stracchi/
Hilda Carlén,/player/227023/hilda-carl%C3%A9n/
Lina Nilsson,/player/226983/lina-nilsson/
Amanda Ilestedt,/player/226979/amanda-ilestedt/
Jessica Samuelsson,/player/226976/jessica-samuelsson/
Wang Lisi,/player/226931/wang-lisi/
Poliana,/player/226896/poliana/
Wang Shuang,/player/226360/wang-shuang/
Christen Press,/player/226327/christen-press/
Ellen Jansen,/player/233857/ellen-jansen/
Jackie Groenen,/player/233852/jackie-groenen/
Sandra Paños,/player/227776/sandra-pa%C3%B1os/
Carolina Jaramillo,/player/227454/carolina-jaramillo/
Cecilia Santiago,/player/227447/cecilia-santiago/
Stephanie Labbé,/player/227391/stephanie-labb%C3%A9/
Janine Beckie,/player/227381/janine-beckie/
Carly Telford,/player/227269/carly-telford/
Siobhan Chamberlain,/player/227248/siobhan-chamberlain/
Ruth García,/player/227198/ruth-garc%C3%ADa/
Marta Carissimi,/player/227090/marta-carissimi/
Elisa Bartoli,/player/227075/elisa-bartoli/
Barbara Bonansea,/player/227072/barbara-bonansea/
Elena Linari,/player/227069/elena-linari/
Ilaria Mauro,/player/227064/ilaria-mauro/
Malin Diaz,/player/227008/malin-diaz/
Carola Söberg,/player/226989/carola-s%C3%B6berg/
Ma Jun,/player/226940/ma-jun/
Allie Long,/player/226346/allie-long/
Crystal Dunn,/player/226336/crystal-dunn/
Jonna Andersson,/player/235585/jonna-andersson/
Angela Christ,/player/233863/angela-christ/
Dominique Janssen,/player/233756/dominique-janssen/
Andrea Pereira,/player/233153/andrea-pereira/
Leila Ouahabi,/player/233150/leila-ouahabi/
Emily Sonnett,/player/232074/emily-sonnett/
Lindsey Horan,/player/231432/lindsey-horan/
Isobel Christiansen,/player/231087/isobel-christiansen/
Clarisse Le Bihan,/player/228565/clarisse-le-bihan/
Kenti Robles,/player/227466/kenti-robles/
Christina Murillo,/player/227449/christina-murillo/
Kadidiatou Diani,/player/227361/kadidiatou-diani/
Andrine Stolsmo Hegerberg,/player/227308/andrine-stolsmo-hegerberg/
Leire Landa,/player/227202/leire-landa/
Servet Uzunlar,/player/227134/servet-uzunlar/
Elisa Camporese,/player/227066/elisa-camporese/
Federica Di Criscio,/player/227061/federica-di-criscio/
Li Jiayue,/player/226927/li-jiayue/
Xu Yanlu,/player/226925/xu-yanlu/
Beatriz,/player/226897/beatriz/
Raquel,/player/226894/raquel/
Desiree van Lunteren,/player/233750/desiree-van-lunteren/
Adrianna Franch,/player/232077/adrianna-franch/
Zhao Lina,/player/228841/zhao-lina/
Ivana Andrés,/player/227780/ivana-andr%C3%A9s/
Bianca Sierra,/player/227458/bianca-sierra/
Arianna Romero,/player/227448/arianna-romero/
Letícia Izidoro,/player/227428/let%C3%ADcia-izidoro/
Gabi,/player/227419/gabi/
Adriana Leon,/player/227397/adriana-leon/
Jonelle Filigno,/player/227386/jonelle-filigno/
Ingvild Isaksen,/player/227321/ingvild-isaksen/
Katja Schroffenegger,/player/227094/katja-schroffenegger/
Millie Bright,/player/238257/millie-bright/
Mariona,/player/237288/mariona/
Mapi León,/player/236479/mapi-le%C3%B3n/
Nichelle Prince,/player/235962/nichelle-prince/
Danique Kerkdijk,/player/233759/danique-kerkdijk/
Merel van Dongen,/player/233757/merel-van-dongen/
Xue Jiao,/player/233253/xue-jiao/
Chiara Eusebio,/player/228161/chiara-eusebio/
Jennifer Ruíz,/player/227480/jennifer-ru%C3%ADz/
Paulina Solís,/player/227450/paulina-sol%C3%ADs/
Sandie Toletti,/player/227344/sandie-toletti/
Casey Dumont,/player/227129/casey-dumont/
Daniela Sabatino,/player/227093/daniela-sabatino/
Magdalena Ericsson,/player/226998/magdalena-ericsson/
Sam Mewis,/player/226338/sam-mewis/
Inessa Kaagman,/player/233861/inessa-kaagman/
Jeslynn Kuijpers,/player/233860/jeslynn-kuijpers/
Eshly Bakker,/player/233855/eshly-bakker/
Kelly Zeeman,/player/233758/kelly-zeeman/
Lisa-Marie Utland,/player/233323/lisa-marie-utland/
Kristine Nøstmo,/player/233320/kristine-n%C3%B8stmo/
Pang Fengyue,/player/228840/pang-fengyue/
Stefania Tarenzi,/player/228166/stefania-tarenzi/
Paula Nicart,/player/227781/paula-nicart/
Teresa Noyola,/player/227462/teresa-noyola/
Ma Xiaoxu,/player/226966/ma-xiaoxu/
Kika van Es,/player/233856/kika-van-es/
Stine Reinås,/player/233321/stine-rein%C3%A5s/
Bi Xiaolin,/player/232618/bi-xiaolin/
Valentina Giacinti,/player/228168/valentina-giacinti/
Sabrina Tasselli,/player/228167/sabrina-tasselli/
Larissa Crummer,/player/227589/larissa-crummer/
Pamela Tajonar,/player/227464/pamela-tajonar/
Laëtitia Philippe,/player/227349/la%C3%ABtitia-philippe/
Lindsay Agnew,/player/237674/lindsay-agnew/
Kailen Sheridan,/player/237673/kailen-sheridan/
Shelina Zadorsky,/player/235594/shelina-zadorsky/
Sabrina D'Angelo,/player/235593/sabrina-dangelo/
Mackenzie Arnold,/player/227925/mackenzie-arnold/
Liliana Mercado,/player/227459/liliana-mercado/
Nikita Parris,/player/235659/nikita-parris/
Renae Cuéllar,/player/228721/renae-cu%C3%A9llar/
Anjulí Ladrón,/player/228090/anjul%C3%AD-ladr%C3%B3n/
Andrine Tomter,/player/227367/andrine-tomter/
Chloe Logarzo,/player/231637/chloe-logarzo/
Caitlin Cooper,/player/231326/caitlin-cooper/
Linda Tucceri Cimini,/player/228160/linda-tucceri-cimini/
Ariana Calderón,/player/228089/ariana-calder%C3%B3n/
Aivi Luik,/player/227590/aivi-luik/
Yamile Franco,/player/227479/yamile-franco/
Nkem Ezurike,/player/227385/nkem-ezurike/
Carla Maria,/player/235829/carla-maria/
Fabiola Ibarra,/player/228723/fabiola-ibarra/
Amy Harrison,/player/227141/amy-harrison/
Emily Gielnik,/player/233200/emily-gielnik/
Anisa Guajardo,/player/228955/anisa-guajardo/
